{
  "Data": [
    {
      "Type": "TREE",
      "Text": [
        "Tree Feature"
      ],
      "Coordinates": [
        [
          151.000984658,
          -33.782790195
        ]
      ],
      "Radius": 4
    },
    {
      "Type": "TREE",
      "Text": [
        "Tree Feature"
      ],
      "Coordinates": [
        [
          151.001024458,
          -33.782736467
        ]
      ],
      "Radius": 6
    },
    {
      "Type": "TREE",
      "Text": [
        "Tree Feature"
      ],
      "Coordinates": [
        [
          151.000990184,
          -33.782622115
        ]
      ],
      "Radius": 10
    },
    {
      "Type": "TREE",
      "Text": [
        "Tree Feature"
      ],
      "Coordinates": [
        [
          151.000990066,
          -33.782299661
        ]
      ],
      "Radius": 8
    },
    {
      "Type": "TREE",
      "Text": [
        "Tree Feature"
      ],
      "Coordinates": [
        [
          151.001142312,
          -33.782748656
        ]
      ],
      "Radius": 6
    },
    {
      "Type": "TREE",
      "Text": [
        "Tree Feature"
      ],
      "Coordinates": [
        [
          151.001300209,
          -33.782766364
        ]
      ],
      "Radius": 8
    },
    {
      "Type": "TREE",
      "Text": [
        "Tree Feature"
      ],
      "Coordinates": [
        [
          151.001322264,
          -33.782704864
        ]
      ],
      "Radius": 6
    },
    {
      "Type": "TREE",
      "Text": [
        "Tree Feature"
      ],
      "Coordinates": [
        [
          151.001310147,
          -33.782566435
        ]
      ],
      "Radius": 4
    },
    {
      "Type": "TREE",
      "Text": [
        "Tree Feature"
      ],
      "Coordinates": [
        [
          151.001475762,
          -33.782693464
        ]
      ],
      "Radius": 6
    },
    {
      "Type": "TREE",
      "Text": [
        "Tree Feature"
      ],
      "Coordinates": [
        [
          151.000900774,
          -33.782728872
        ]
      ],
      "Radius": 8
    },
    {
      "Type": "TREE",
      "Text": [
        "Tree Feature"
      ],
      "Coordinates": [
        [
          151.000912766,
          -33.782556749
        ]
      ],
      "Radius": 10
    },
    {
      "Type": "TREE",
      "Text": [
        "Tree Feature"
      ],
      "Coordinates": [
        [
          151.000902896,
          -33.782474984
        ]
      ],
      "Radius": 8
    },
    {
      "Type": "TREE",
      "Text": [
        "Tree Feature"
      ],
      "Coordinates": [
        [
          151.000973389,
          -33.78238298
        ]
      ],
      "Radius": 6
    },
    {
      "Type": "TREE",
      "Text": [
        "Tree Feature"
      ],
      "Coordinates": [
        [
          151.000894369,
          -33.782326108
        ]
      ],
      "Radius": 4
    },
    {
      "Type": "TREE",
      "Text": [
        "Tree Feature"
      ],
      "Coordinates": [
        [
          151.001281935,
          -33.782641947
        ]
      ],
      "Radius": 4
    },
    {
      "Type": "TREE",
      "Text": [
        "Tree Feature"
      ],
      "Coordinates": [
        [
          151.001300199,
          -33.782460142
        ]
      ],
      "Radius": 4
    },
    {
      "Type": "TREE",
      "Text": [
        "Tree Feature"
      ],
      "Coordinates": [
        [
          151.001309923,
          -33.782362328
        ]
      ],
      "Radius": 2
    },
    {
      "Type": "TREE",
      "Text": [
        "Tree Feature"
      ],
      "Coordinates": [
        [
          151.001250977,
          -33.782319849
        ]
      ],
      "Radius": 4
    },
    {
      "Type": "TREE",
      "Text": [
        "Tree Feature"
      ],
      "Coordinates": [
        [
          151.001388464,
          -33.782797641
        ]
      ],
      "Radius": 8
    },
    {
      "Type": "TREE",
      "Text": [
        "Tree Feature"
      ],
      "Coordinates": [
        [
          151.001465641,
          -33.782599252
        ]
      ],
      "Radius": 4
    },
    {
      "Type": "TREE",
      "Text": [
        "Tree Feature"
      ],
      "Coordinates": [
        [
          151.001462165,
          -33.782502532
        ]
      ],
      "Radius": 4
    },
    {
      "Type": "TREE",
      "Text": [
        "Tree Feature"
      ],
      "Coordinates": [
        [
          151.001469148,
          -33.782392546
        ]
      ],
      "Radius": 12
    },
    {
      "Type": "TREE",
      "Text": [
        "Tree Feature"
      ],
      "Coordinates": [
        [
          151.001065011,
          -33.782380857
        ]
      ],
      "Radius": 6
    },
    {
      "Type": "TREE",
      "Text": [
        "Tree Feature"
      ],
      "Coordinates": [
        [
          151.001084149,
          -33.782337976
        ]
      ],
      "Radius": 6
    },
    {
      "Type": "TREE",
      "Text": [
        "Tree Feature"
      ],
      "Coordinates": [
        [
          151.001119557,
          -33.782371011
        ]
      ],
      "Radius": 6
    },
    {
      "Type": "STORM_WATER",
      "Text": [
        "Storm Water"
      ],
      "Coordinates": [
        [
          151.000863652,
          -33.782239057
        ],
        [
          151.000895336,
          -33.782484876
        ]
      ]
    },
    {
      "Type": "STORM_WATER",
      "Text": [
        "Storm Water"
      ],
      "Coordinates": [
        [
          151.001077781,
          -33.782734131
        ],
        [
          151.001216878,
          -33.782752883
        ]
      ]
    },
    {
      "Type": "STORM_WATER",
      "Text": [
        "Storm Water"
      ],
      "Coordinates": [
        [
          151.000863652,
          -33.782239057
        ]
      ]
    },
    {
      "Type": "STORM_WATER",
      "Text": [
        "Storm Water"
      ],
      "Coordinates": [
        [
          151.000895336,
          -33.782484876
        ]
      ]
    },
    {
      "Type": "STORM_WATER",
      "Text": [
        "Storm Water"
      ],
      "Coordinates": [
        [
          151.001077781,
          -33.782734131
        ]
      ]
    },
    {
      "Type": "STORM_WATER",
      "Text": [
        "Storm Water"
      ],
      "Coordinates": [
        [
          151.001366089,
          -33.782826882
        ]
      ]
    },
    {
      "Type": "STORM_WATER",
      "Text": [
        "Storm Water"
      ],
      "Coordinates": [
        [
          151.001216878,
          -33.782752883
        ]
      ]
    },
    {
      "Type": "STORM_WATER",
      "Text": [
        "Storm Water"
      ],
      "Coordinates": [
        [
          151.001366089,
          -33.782826882
        ],
        [
          151.001412343,
          -33.782951432
        ]
      ]
    },
    {
      "Type": "STORM_WATER",
      "Text": [
        "Storm Water"
      ],
      "Coordinates": [
        [
          151.001216878,
          -33.782752883
        ],
        [
          151.001366089,
          -33.782826882
        ]
      ]
    },
    {
      "Type": "STORM_WATER",
      "Text": [
        "Storm Water"
      ],
      "Coordinates": [
        [
          151.000895336,
          -33.782484876
        ],
        [
          151.001077781,
          -33.782734131
        ]
      ]
    },
    {
      "Type": "STORM_WATER",
      "Text": [
        "Storm Water"
      ],
      "Coordinates": [
        [
          151.000861396,
          -33.782210323
        ],
        [
          151.000863652,
          -33.782239057
        ]
      ]
    },
    {
      "Type": "STORM_WATER",
      "Text": [
        "Storm Water"
      ],
      "Coordinates": [
        [
          151.000851536,
          -33.782238595
        ],
        [
          151.000863652,
          -33.782239057
        ]
      ]
    },
    {
      "Type": "STORM_WATER",
      "Text": [
        "Storm Water"
      ],
      "Coordinates": [
        [
          151.000852948,
          -33.782234165
        ],
        [
          151.000863652,
          -33.782239057
        ]
      ]
    },
    {
      "Type": "Building",
      "Text": [
        " "
      ],
      "Coordinates": [

        [
          151.00126867,
          -33.78258291
        ],
        [
          151.00117855,
          -33.78258307
        ],
        [
          151.00117788,
          -33.78263017
        ],
        [
          151.00111049,
          -33.78262794
        ],
        [
          151.00111257,
          -33.78246743
        ],
        [
          151.00115106,
          -33.78246687
        ],
        [
          151.00118579,
          -33.78246776
        ],
        [
          151.00118445,
          -33.78249607
        ],
        [
          151.00127296,
          -33.78249975
        ],
        [
          151.00126867,
          -33.78258291
        ]
      ]
    },
    {
      "Type": "Building",
      "Text": [
        " "
      ],
      "Coordinates": [

        [
          151.001372059,
          -33.782910714
        ],
        [
          151.001375959,
          -33.782990839
        ],
        [
          151.001204578,
          -33.782996601
        ],
        [
          151.001199215,
          -33.782886407
        ],
        [
          151.001255449,
          -33.78288452
        ],
        [
          151.001256912,
          -33.782914586
        ],
        [
          151.001372059,
          -33.782910714
        ]

      ]
    },
    {
      "Type": "Building",
      "Text": [
        " "
      ],
      "Coordinates": [

        [
          151.00129858,
          -33.7825187
        ],
        [
          151.00138776,
          -33.78249696
        ],
        [
          151.00141324,
          -33.78257109
        ],
        [
          151.0014803,
          -33.78264744
        ],
        [
          151.00140117,
          -33.78268757
        ],
        [
          151.00132741,
          -33.78260509
        ],
        [
          151.00129858,
          -33.7825187
        ]

      ]
    },
    {
      "Type": "Building",
      "Text": [
        " "
      ],
      "Coordinates": [

        [
          151.000992496,
          -33.782999828
        ],
        [
          151.000995818,
          -33.782832675
        ],
        [
          151.001065536,
          -33.782833632
        ],
        [
          151.00106445,
          -33.782888266
        ],
        [
          151.001159575,
          -33.782889566
        ],
        [
          151.001157348,
          -33.783002091
        ],
        [
          151.000992496,
          -33.782999828
        ]

      ]
    },
    {
      "Type": "Building",
      "Text": [
        " "
      ],
      "Coordinates": [

        [
          151.0009861,
          -33.78238383
        ],
        [
          151.00108601,
          -33.7823894
        ],
        [
          151.00108266,
          -33.78255103
        ],
        [
          151.00098543,
          -33.78255047
        ],
        [
          151.0009861,
          -33.78238383
        ]

      ]
    },
    {
      "Type": "Proposed Structure",
      "Text": [
        "Pool"
      ],
      "Coordinates": [

        [
          151.00123850070057,
          -33.782697006740285
        ],
        [
          151.00115209683557,
          -33.78269281599477
        ],
        [
          151.0011544385873,
          -33.782659463712186
        ],
        [
          151.0011820560351,
          -33.78266053502964
        ],
        [
          151.00118232622745,
          -33.78265758281042
        ],
        [
          151.00121243109712,
          -33.78265869735758
        ],
        [
          151.00121227399237,
          -33.7826616288494
        ],
        [
          151.00124078121442,
          -33.78266282998798
        ],
        [
          151.00123850070057,
          -33.782697006740285
        ]

      ],
      "Image": "pool.png",
      "ImageCoordinates": [
        [
          151.00123850070057,
          -33.782697006740285
        ],
        [
          151.00115209683557,
          -33.78269281599477
        ],
        [
          151.0011544385873,
          -33.782659463712186
        ],
        [
          151.0011820560351,
          -33.78266053502964
        ],
        [
          151.00118232622745,
          -33.78265758281042
        ],
        [
          151.00121243109712,
          -33.78265869735758
        ],
        [
          151.00121227399237,
          -33.7826616288494
        ],
        [
          151.00124078121442,
          -33.78266282998798
        ],
        [
          151.00123850070057,
          -33.782697006740285
        ]

      ]
    },
    {

      "Type": "Proposed Structure",
      "Text": [
        "Pool"
      ],
      "Coordinates": [
        [
          151.00113195177562,
          -33.78255567679724
        ],
        [
          151.00113195177562,
          -33.78262438018813
        ],
        [
          151.0011800297031,
          -33.78262438018813
        ],
        [
          151.0011800297031,
          -33.78255567679724
        ],
        [
          151.00113195177562,
          -33.78255567679724
        ]
      ],
      "Image": "pool.png",
      "ImageCoordinates": [
        [
          151.00113195177562,
          -33.78255567679724
        ],
        [
          151.00113195177562,
          -33.78262438018813
        ],
        [
          151.0011800297031,
          -33.78262438018813
        ],
        [
          151.0011800297031,
          -33.78255567679724
        ],
        [
          151.00113195177562,
          -33.78255567679724
        ]

      ]

    },
    {

      "Type": "Proposed Structure",
      "Text": [
        "Pool"
      ],
      "Coordinates": [
        [
          151.00115978634096,
          -33.78249678821461
        ],
        [
          151.00115978634096,
          -33.78252553149673
        ],
        [
          151.00123232496668,
          -33.78252553149673
        ],
        [
          151.00123232496668,
          -33.78249678821461
        ],
        [
          151.00115978634096,
          -33.78249678821461
        ]
      ],
      "Image": "pool.png",
      "ImageCoordinates": [
        [
          151.00115978634096,
          -33.78249678821461
        ],
        [
          151.00115978634096,
          -33.78252553149673
        ],
        [
          151.00123232496668,
          -33.78252553149673
        ],
        [
          151.00123232496668,
          -33.78249678821461
        ],
        [
          151.00115978634096,
          -33.78249678821461
        ]

      ]

    },
    {
      "Type": "Neighbouring Property",
      "Text": [
        "9/-/DP205911"
      ],
      "Coordinates": [

        [
          151.000920624,
          -33.78274608
        ],
        [
          151.000865736,
          -33.782288349
        ],
        [
          151.001095725,
          -33.782299303
        ],
        [
          151.001075297,
          -33.782746581
        ],
        [
          151.00099186,
          -33.782746313
        ],
        [
          151.000920624,
          -33.78274608
        ]

      ]
    },
    {
      "Type": "Neighbouring Property",
      "Text": [
        "8/-/DP205911"
      ],
      "Coordinates": [

        [
          151.001156932,
          -33.782302216
        ],
        [
          151.001292853,
          -33.782308688
        ],
        [
          151.001272747,
          -33.782747218
        ],
        [
          151.00118931,
          -33.782746949
        ],
        [
          151.001166399,
          -33.782746877
        ],
        [
          151.001075297,
          -33.782746581
        ],
        [
          151.001095725,
          -33.782299303
        ],
        [
          151.001156932,
          -33.782302216
        ]

      ]
    },
    {
      "Type": "Lot",
      "Coordinates": [

        [
          151.00115558,
          -33.78230064
        ],
        [
          151.00129151,
          -33.78230711
        ],
        [
          151.0012714,
          -33.78274564
        ],
        [
          151.00118796,
          -33.78274537
        ],
        [
          151.00116505,
          -33.7827453
        ],
        [
          151.00107395,
          -33.782745
        ],
        [
          151.00109438,
          -33.78229772
        ],
        [
          151.00115558,
          -33.78230064
        ]

      ],
      "sides": [
     
      ]
    }
  ],
  "Titleblockinfo": {
    "ClientName": "ResconBuilders",
    "ClientName1": "ICanBuild",
    "Address1": "My Add1",
    "Address2": "My Add2",
    "Address3": "My Add3",
    "Design": "Designer12",
    "Range": "Range12",
    "Stage": "Stage12",
    "JobId": "JobId12",
    "Date": "18/08/2020",
    "Revisions": [
      {
        "Date": "18/08/2020",
        "Description": "Revision Description goes here",
        "Rev": "01"
      }
    ]
  },
  "GlobalParams": {
    "Revit": true,
    "DWG": true,
    "TitleBlock": false
  }
}